Group ID,Word,Synonyms
Group 1,abound,plentiful
Group 1,amorphous,shapeless
Group 1,austere,severe
Group 1,belie,contradict
Group 1,capricious,unpredictable
Group 1,cerebral,brainy
Group 1,congenial,pleasant
Group 1,conspicuous,noticeable
Group 1,cursory,quick
Group 1,daunting,intimidating
Group 1,deify,worship
Group 1,didactic,instructive
Group 1,disseminate,spread
Group 1,feasible,possible
Group 1,flout,mock
Group 1,homogeneous,uniform
Group 1,humdrum,boring
Group 1,insipid,dull
Group 1,loquacious,talkative
Group 1,misanthropic,unsocial
Group 1,misnomer,mistake
Group 1,negligent,careless
Group 1,obsequious,servile
Group 1,placate,calm
Group 1,proclivity,inclination
Group 1,puerile,childish
Group 1,quixotic,idealistic
Group 1,spendthrift,wasteful
Group 1,taciturn,silent
Group 1,wary,cautious
Group 2,adulterate,contaminate
Group 2,advocate,supporter
Group 2,aggrandize,Promote
Group 2,alacrity,eagerness
Group 2,ambivalent,unsure
Group 2,ameliorate,improve
Group 2,amenable,agreeable
Group 2,anachronistic,outdated
Group 2,audacious,bold
Group 2,avaricious,greedy
Group 2,banal,common
Group 2,benign,harmless
Group 2,brazen,shameless
Group 2,calumny,Insult
Group 2,candid,honest
Group 2,castigate,criticize
Group 2,caustic,corrosive
Group 2,construe,interpret
Group 2,contrite,regret
Group 2,convoluted,complex
Group 2,covet,desire
Group 2,craven,cowardly
Group 2,decorum,propriety
Group 2,deft,skillful
Group 2,demur,hesitate
Group 2,derivative,copied
Group 2,desiccate,dry
Group 2,diatribe,rant
Group 2,incredulous,doubtful
Group 2,ingenuous,naive
Group 3,abate,reduce
Group 3,abjure,renounce
Group 3,anomalous,abnormal
Group 3,antipathy,opposition
Group 3,arcane,mysterious
Group 3,arduous,difficult
Group 3,artless,natural
Group 3,ascetic,austere
Group 3,assuage,ease
Group 3,betray,deceive
Group 3,bucolic,rural
Group 3,burgeon,grow
Group 3,cacophonous ,
Group 3,canonize,sanctify
Group 3,censure,blame
Group 3,chicanery,deception
Group 3,coalesce,merge
Group 3,cogent,convincing
Group 3,compelling,forceful
Group 3,contend,argue
Group 3,copious,abound
Group 3,cosmopolitan,worldly
Group 3,deference,respect
Group 3,desultory,casual
Group 3,diffident,shy
Group 3,dilatory,Slow to act
Group 3,equivocate,evade
Group 3,polarize,divide
Group 3,prodigal,wasteful
Group 3,verbose,wordy
Group 4,abstain,refrain
Group 4,approbation,approval
Group 4,cherish,value
Group 4,corroborate,confirm
Group 4,disparate,different
Group 4,emulate,imitate
Group 4,enervate,weaken
Group 4,ephemeral,short-lived
Group 4,fervid,passionate
Group 4,garrulous,chatty
Group 4,incendiary,inflammatory
Group 4,inimical,hostile
Group 4,intimate,close relation
Group 4,invigorate,energize
Group 4,mitigate,lessen
Group 4,obsolete,outdated
Group 4,opaque,unclear
Group 4,paradigmatic,typical
Group 4,pedantic,nitpicky
Group 4,placid,calm
Group 4,polemical,argumentative
Group 4,precipitate,hasty
Group 4,profundity,depth
Group 4,prophetic,predictive
Group 4,prudent,wise
Group 4,punctilious,meticulous
Group 4,recondite,obscure
Group 4,scrupulous,diligent
Group 4,tranquil,peaceful
Group 4,vacillate,waver
Group 5,aloof,distant
Group 5,clangor,noise
Group 5,conventional,traditional
Group 5,debunk,expose
Group 5,diminutive,tiny
Group 5,discernible,noticeable
Group 5,enigmatic,mysterious
Group 5,estranged,alienated
Group 5,extravagant,lavish
Group 5,fanciful,imaginative
Group 5,frivolous,trivial
Group 5,heterogeneous,diverse
Group 5,imperious,domineering
Group 5,impertinent,rude
Group 5,invasive,intrusive
Group 5,irresolute,uncertain
Group 5,laudable,praiseworthy
Group 5,lax,loose
Group 5,marginalize,sideline
Group 5,panache,style
Group 5,plodding,slow
Group 5,prosaic,dull
Group 5,remedial,corrective
Group 5,restive,restless
Group 5,sporadic,occasional
Group 5,stigmatize,disgrace
Group 5,undermine,weaken
Group 5,utterly,completely
Group 5,weary,tired
Group 5,zealous,enthusiastic
Group 6,admonish,warn
Group 6,aesthetic,artistic
Group 6,affectation,pretense
Group 6,alleviate,ease
Group 6,analogous,similar
Group 6,bolster,support
Group 6,chauvinistic,biased
Group 6,connoisseur,expert
Group 6,dissemble ,
Group 6,dogged,persistent
Group 6,dupe,deceive
Group 6,empirical,observed
Group 6,engender,cause
Group 6,entitled,privileged
Group 6,pertinacious,determined
Group 6,presumptuous,arrogant
Group 6,probity,integrity
Group 6,proliferate,multiply
Group 6,specious,misleading
Group 6,spurious,false
Group 6,subjective,personal
Group 6,subvert,undermine
Group 6,timorous,fearful
Group 6,tortuous,twisted
Group 6,tractable,manageable
Group 6,transient,temporary
Group 6,ubiquitous,everywhere
Group 6,underscore,emphasize
Group 6,venal,corrupt
Group 6,venerate,respect
Group 7,appease,calm
Group 7,arbitrary,random
Group 7,archaic,ancient
Group 7,clamorous,loud
Group 7,dearth,scarcity
Group 7,explicable,explainable
Group 7,hyperbole,exaggeration
Group 7,immutable,unchanging
Group 7,indefatigable,tireless
Group 7,indolent,lazy
Group 7,insular,isolated
Group 7,intransigent,stubborn
Group 7,intrepid,brave
Group 7,irreverent,disrespectful
Group 7,loathe,hate
Group 7,malign,harmful
Group 7,malleable,flexible
Group 7,neophyte,novice
Group 7,plastic,moldable
Group 7,platitude,clich√©
Group 7,prescient,predictive
Group 7,pristine,pure
Group 7,reproach,blame
Group 7,robust,strong
Group 7,salubrious,healthy
Group 7,sanction,approve
Group 7,sedulous,diligent
Group 7,soporific,sleep-inducing
Group 7,stern,strict
Group 7,tendentious,biased
Group 8,accentuate,emphasize
Group 8,conjectural,speculative
Group 8,convivial,friendly
Group 8,decadent,decaying
Group 8,egregious,horrible
Group 8,evanescent,fleeting
Group 8,flamboyant,flashy
Group 8,forestall,prevent
Group 8,gainsay,deny
Group 8,galvanize,stimulate
Group 8,indiscriminate,random
Group 8,innocuous,harmless
Group 8,momentary,brief
Group 8,mundane,ordinary
Group 8,nettlesome,annoying
Group 8,nullify,invalidate
Group 8,obviate,avoid
Group 8,omnipresent,universal
Group 8,oust,expel
Group 8,palpable,tangible
Group 8,perfidy,betrayal
Group 8,profuse,abundant
Group 8,pugnacious,aggressive
Group 8,sagacious,wise
Group 8,sanguine,optimistic
Group 8,scant,limited
Group 8,skullduggery,trickery
Group 8,trivial,minor
Group 8,utilitarian,practical
Group 8,vapid,dull
Group 9,boorish,rude
Group 9,brook,tolerate
Group 9,circumspect,cautious
Group 9,comity,courtesy
Group 9,commensurate,equal
Group 9,cordial,warm
Group 9,deleterious,harmful
Group 9,dichotomy,division
Group 9,edify,educate
Group 9,elicit,draw out
Group 9,erudite,learned
Group 9,fecund,fertile
Group 9,feeble,weak
Group 9,felicitous,apt
Group 9,forbear,refrain
Group 9,haphazard,random
Group 9,hodgepodge,mixture
Group 9,impede,block
Group 9,impetuous,rash
Group 9,irascible,irritable
Group 9,mercenary,greedy
Group 9,meticulous,careful
Group 9,mordant,biting
Group 9,outstrip,surpass
Group 9,precarious,risky
Group 9,quirky,odd
Group 9,repudiate,reject
Group 9,tact,skill
Group 9,trifling,trivial
Group 9,turbulent,chaotic
Group 10,acumen,insight
Group 10,antithesis,opposite
Group 10,ascribe,attribute
Group 10,befuddled,confused
Group 10,eschew,avoid
Group 10,esoteric,obscure
Group 10,evasive,elusive
Group 10,exculpate,clear
Group 10,expedite,speed up
Group 10,fastidious,meticulous
Group 10,feign,pretend
Group 10,furtive,sneaky
Group 10,hamper,hinder
Group 10,indispensable,essential
Group 10,lament,mourn
Group 10,myopic,short-sighted
Group 10,nonchalant,casual
Group 10,partial,biased
Group 10,pensive,thoughtful
Group 10,portend,predict
Group 10,provincial,narrow-minded
Group 10,rudimentary,basic
Group 10,salutary,beneficial
Group 10,sever,cut
Group 10,slight,insult
Group 10,somnolent,sleepy
Group 10,stoic,unemotional
Group 10,supersede,replace
Group 10,tout,praise
Group 10,wane,decrease
Group 11,abhor,hate
Group 11,boisterous,noisy
Group 11,chivalrous,gallant
Group 11,churlish,rude
Group 11,clandestine,secret
Group 11,complacent,satisfied
Group 11,cumbersome,bulky
Group 11,debilitating,weakening
Group 11,deliberate,intentional
Group 11,droll,funny
Group 11,eccentric,odd
Group 11,fractious,irritable
Group 11,limpid,clear
Group 11,mawkish,sentimental
Group 11,obeisance,respect
Group 11,ostentatious,showy
Group 11,panacea,cure-all
Group 11,perfunctory,routine
Group 11,perilous,dangerous
Group 11,pervasive ,
Group 11,preclude,prevent
Group 11,predilection ,
Group 11,rapacious,greedy
Group 11,relish,enjoy
Group 11,satirical,mocking
Group 11,sham,fake
Group 11,skirt,avoid
Group 11,sluggish,slow
Group 11,spartan,austere
Group 11,truculent,aggressive
Group 12,acrimonious ,
Group 12,belligerent,hostile
Group 12,beneficent,kind
Group 12,canny,shrewd
Group 12,cavalier,arrogant
Group 12,distressed ,
Group 12,dwindling,decreasing
Group 12,eclipse,overshadow
Group 12,encyclopedic ,
Group 12,exacerbate,worsen
Group 12,exasperated,irritated
Group 12,fungible,exchangeable
Group 12,hackneyed,overused
Group 12,incongruous,out of place
Group 12,interchangeable,replaceable
Group 12,laconic,brief
Group 12,lucrative,profitable
Group 12,magisterial,authoritative
Group 12,onerous,burdensome
Group 12,opprobrium,disgrace
Group 12,parsimonious,stingy
Group 12,peripheral,side
Group 12,provocative,stimulating
Group 12,renounce,reject
Group 12,tempestuous,stormy
Group 12,tenable,defensible
Group 12,transgression,sin
Group 12,urbane,sophisticated
Group 12,verisimilitude,realism
Group 12,vitiate,spoil
Group 13,affinity,liking
Group 13,altruistic,selfless
Group 13,baroque,ornate
Group 13,byzantine,complex
Group 13,compromise,settle
Group 13,conciliatory,appeasing
Group 13,countenance,tolerate
Group 13,covert,hidden
Group 13,credible,believable
Group 13,diffuse,spread
Group 13,documentary,factual
Group 13,exhaustive,thorough
Group 13,exhilarating,exciting
Group 13,extraneous,irrelevant
Group 13,fervor,passion
Group 13,futile,useless
Group 13,illusory,deceptive
Group 13,invidious,enviable
Group 13,lethargic,sluggish
Group 13,metaphorical,symbolic
Group 13,mimic,imitate
Group 13,numinous,spiritual
Group 13,obscure,unclear
Group 13,overt,open
Group 13,pellucid,transparent
Group 13,perpetuate,continue
Group 13,rational,logical
Group 13,scathing,harsh
Group 13,subtle,slight
Group 13,superficial,surface
Group 14,acquiesce,agree
Group 14,adroit,skillful
Group 14,amend,change
Group 14,animus,hostility
Group 14,apologist,defender
Group 14,astringent,harsh
Group 14,collaborate,cooperate
Group 14,competent,capable
Group 14,correlate,match
Group 14,deride,mock
Group 14,dictate,command
Group 14,discreet,careful
Group 14,divorced,separated
Group 14,elitist,snobbish
Group 14,exacting,demanding
Group 14,flummoxed,confused
Group 14,fruitful,productive
Group 14,inborn,innate
Group 14,polymath,expert
Group 14,reticent,reserved
Group 14,stringent,strict
Group 14,subservient,submissive
Group 14,surreptitious,secret
Group 14,tantalizing,tempting
Group 14,tantamount,equivalent
Group 14,torpor,lethargy
Group 14,trenchant,incisive
Group 14,umbrage,offense
Group 14,versatile,flexible
Group 14,wayward,unpredictable
Group 15,alienate,isolate
Group 15,apathy,indifference
Group 15,apropos,relevant
Group 15,apt,suitable
Group 15,cloak,hide
Group 15,consensus,agreement
Group 15,distort,twist
Group 15,divergent,different
Group 15,elated,joyful
Group 15,enchant,charm
Group 15,entrenched,fixed
Group 15,exotic,foreign
Group 15,exploitative,abusive
Group 15,foreseeable,predictable
Group 15,forsake,abandon
Group 15,gratify,please
Group 15,heed,listen
Group 15,judicious,wise
Group 15,lucid,clear
Group 15,pertinent,relevant
Group 15,propriety,correctness
Group 15,scintillating,sparkling
Group 15,sensational,amazing
Group 15,sophisticated,advanced
Group 15,strife,conflict
Group 15,understated,subtle
Group 15,unscrupulous,dishonest
Group 15,veracity,truth
Group 15,virulent,toxic
Group 15,volatile,unstable
Group 16,antedate,precede
Group 16,banish,expel
Group 16,bridle,control
Group 16,comply,obey
Group 16,crestfallen,sad
Group 16,curtail,reduce
Group 16,elucidate,explain
Group 16,evade,avoid
Group 16,feckless,useless
Group 16,fester,rot
Group 16,iconoclastic,rebel
Group 16,immure,imprison
Group 16,improvise,invent
Group 16,inhibit,prevent
Group 16,inscrutable,mysterious
Group 16,lionize,admire
Group 16,monotonous,boring
Group 16,peculiar,strange
Group 16,premeditate,plan
Group 16,profligate,wasteful
Group 16,reconcile,resolve
Group 16,refine,improve
Group 16,relinquish,give up
Group 16,ruminate,ponder
Group 16,skittish,nervous
Group 16,superfluous,extra
Group 16,synoptic ,
Group 16,thorough,complete
Group 16,visionary,prophet
Group 16,vociferous,loud
Group 17,acclaim,praise
Group 17,ascertain,discover
Group 17,assertive,confident
Group 17,bogus,fake
Group 17,cataclysmic ,
Group 17,circumscribe,limit
Group 17,complementary,matching
Group 17,contentious,argumentative
Group 17,disingenuous,insincere
Group 17,divulge,reveal
Group 17,dogmatic,opinionated
Group 17,fallacious,false
Group 17,foolhardy,reckless
Group 17,hinder,obstruct
Group 17,impair,damage
Group 17,impugn,challenge
Group 17,incessant,constant
Group 17,inclined,likely
Group 17,inveterate,chronic
Group 17,miserly,stingy
Group 17,patent,obvious
Group 17,petulant,irritable
Group 17,pithy,concise
Group 17,pliant,flexible
Group 17,sanctimonious,self-righteous
Group 17,sound,solid
Group 17,tarnish,stain
Group 17,tepid,lukewarm
Group 17,upbraid,scold
Group 17,vexation,annoyance
Group 18,abet,aid
Group 18,accessible,reachable
Group 18,acquisitive,greedy
Group 18,amalgamate,combine
Group 18,attenuate,weaken
Group 18,augment,increase
Group 18,aversion,dislike
Group 18,blithe,happy
Group 18,contempt,scorn
Group 18,dawdle,delay
Group 18,deflect,divert
Group 18,discount,reduce
Group 18,dissident,rebel
Group 18,efficacious,effective
Group 18,equitable,fair
Group 18,erratic,unpredictable
Group 18,industrious,hardworking
Group 18,inform,notify
Group 18,irksome,annoying
Group 18,manacle,shackle
Group 18,modest,humble
Group 18,noxious,harmful
Group 18,pernicious,damaging
Group 18,predicament,dilemma
Group 18,proficient,skilled
Group 18,prolix,wordy
Group 18,scorn,disdain
Group 18,subordinate,inferior
Group 18,unseemly,inappropriate
Group 18,veritable,real
Group 19,acolyte,
Group 19,anoint,
Group 19,base,
Group 19,coercion ,
Group 19,coin,
Group 19,cunning,
Group 19,discomfit,
Group 19,dissent,
Group 19,distill,
Group 19,dubious,
Group 19,ebullient,
Group 19,facetious,
Group 19,fallible,
Group 19,florid,
Group 19,gawky,
Group 19,inveigle,
Group 19,jettison,
Group 19,mendacity,
Group 19,munificent,
Group 19,naive,
Group 19,noble,
Group 19,parochial,
Group 19,pedestrian,
Group 19,prevaricate,
Group 19,prime,
Group 19,radical,
Group 19,recrudescent,
Group 19,temporal,
Group 19,transitory,
Group 19,viable,
Group 20,abreast,
Group 20,confound,
Group 20,digression,
Group 20,discrepancy,
Group 20,duplicitous,
Group 20,expedient,
Group 20,fabricate,
Group 20,glum,
Group 20,harbinger,
Group 20,intrinsic,
Group 20,largesse,
Group 20,libertine,
Group 20,malfeasance,
Group 20,manifest,
Group 20,minute,
Group 20,modish,
Group 20,nascent,
Group 20,perennial,
Group 20,pious ,
Group 20,providential,
Group 20,prowess,
Group 20,schism,
Group 20,slander,
Group 20,stalwart,
Group 20,supplicate,
Group 20,terse,
Group 20,tirade,
Group 20,universal,
Group 20,vanquish,
Group 20,woeful,
Group 21,abject,
Group 21,amicable,
Group 21,animosity ,
Group 21,aver,
Group 21,barrage,
Group 21,cathartic,
Group 21,decipher,
Group 21,delusion,
Group 21,dispense,
Group 21,eloquent,
Group 21,enthrall,
Group 21,eradicate,
Group 21,fledgling,
Group 21,fortitude,
Group 21,fortuitous ,
Group 21,goad,
Group 21,imminent,
Group 21,incontrovertible,
Group 21,itinerant,
Group 21,magnanimous,
Group 21,meritorious ,
Group 21,mutiny ,
Group 21,paradoxical,
Group 21,perseverance,
Group 21,render,
Group 21,repertoire,
Group 21,resilient,
Group 21,resolute,
Group 21,supple,
Group 21,valor,
Group 22,arresting,
Group 22,chastise,
Group 22,cumbersome,bulky
Group 22,economy,
Group 22,elementary,
Group 22,embellish,
Group 22,euphoric,
Group 22,exonerate,
Group 22,extrapolate,
Group 22,falter,
Group 22,fervent,
Group 22,foment,
Group 22,gaffe,
Group 22,heterodox,
Group 22,histrionic,
Group 22,implicit,
Group 22,inviolate,
Group 22,liability,
Group 22,obstinate,
Group 22,painstaking,
Group 22,phlegmatic,
Group 22,prodigious,
Group 22,propensity,
Group 22,qualm,
Group 22,renege,
Group 22,stinting,
Group 22,temper,
Group 22,tentative,
Group 22,unprecedented,
Group 22,vivacious,
Group 23,allusive,
Group 23,astute,
Group 23,commence,
Group 23,convalescent,
Group 23,curb,
Group 23,decry,
Group 23,duress,
Group 23,evoke,
Group 23,fawn,
Group 23,fret,
Group 23,glib,
Group 23,headstrong,
Group 23,intermittent,
Group 23,ire,
Group 23,languid,
Group 23,lull,
Group 23,mettlesome,
Group 23,mollify,
Group 23,neutralize,
Group 23,nonplussed,
Group 23,precipitous,
Group 23,pretentious,
Group 23,profound,
Group 23,propagate,
Group 23,recourse,
Group 23,refute,
Group 23,regress,
Group 23,repercussion,
Group 23,replenish,
Group 23,vigilant,
Group 24,assail,
Group 24,benevolent,
Group 24,berate,
Group 24,buoyant,
Group 24,buttress,
Group 24,condone,
Group 24,contravene,
Group 24,denounce,
Group 24,despotic,
Group 24,deviate,
Group 24,disinterested,
Group 24,escalate,
Group 24,exorcise,
Group 24,finicky,
Group 24,foil,
Group 24,intertwined,
Group 24,inundate,
Group 24,ironclad,
Group 24,jeopardize,
Group 24,mercurial,
Group 24,oblivious,
Group 24,perpetrate,
Group 24,plaintive,
Group 24,poignant,
Group 24,quiescent,
Group 24,reiterate,
Group 24,subside,
Group 24,subsume,
Group 24,surmount,
Group 24,tangential,
Group 25,adept,
Group 25,adverse,
Group 25,appropriate,
Group 25,archetype,
Group 25,articulate,
Group 25,auspicious,
Group 25,bereft,
Group 25,captious,
Group 25,conclusive,
Group 25,conspire,
Group 25,delineate,
Group 25,disentangle,
Group 25,exhort,
Group 25,frailty,
Group 25,grievance,
Group 25,harangue,
Group 25,ploy,
Group 25,poise,
Group 25,pomposity,
Group 25,proxy,
Group 25,relent,
Group 25,rhetoric,
Group 25,rigor,
Group 25,sparse,
Group 25,steadfast,
Group 25,suspect,
Group 25,tedious,
Group 25,vitality,
Group 25,whimsical,
Group 25,yield,
Group 26,apprehension,
Group 26,ardent,
Group 26,axiomatic,
Group 26,cease,
Group 26,conducive,
Group 26,corporeal,
Group 26,doctrinaire,
Group 26,eclectic,
Group 26,equanimity,
Group 26,exorbitant,
Group 26,fickle,
Group 26,figurative,
Group 26,flustered,
Group 26,gullible,
Group 26,idiosyncratic,
Group 26,incidental,
Group 26,ingrained,
Group 26,insolent,
Group 26,lampoon,
Group 26,lavish,
Group 26,lugubrious,
Group 26,macabre,
Group 26,morose,
Group 26,officious,
Group 26,ramification,
Group 26,serene,
Group 26,supplant,
Group 26,tacit,
Group 26,transcend,
Group 26,treatise,
Group 27,antagonize,
Group 27,barren,
Group 27,bombastic,
Group 27,cajole,
Group 27,chary,
Group 27,curmudgeon,
Group 27,dirge,
Group 27,estimable,
Group 27,euphemism,
Group 27,excoriate,
Group 27,exigent,
Group 27,haughty,
Group 27,heady,
Group 27,imperturbable,
Group 27,implacable,
Group 27,lambaste,
Group 27,miscreant,
Group 27,peccadillo,
Group 27,philistine,
Group 27,relegate,
Group 27,repugnant,
Group 27,sentimental,
Group 27,squander,
Group 27,swindle,
Group 27,tangible,
Group 27,turpitude,
Group 27,unalloyed,
Group 27,undercut,
Group 27,wheedle,
Group 27,xenophobic,
Group 28,abeyance,
Group 28,abstract,
Group 28,affront,
Group 28,agitate,
Group 28,august,
Group 28,burnish,
Group 28,coy,
Group 28,deprecate ,
Group 28,disdain,
Group 28,disperse,
Group 28,distend,
Group 28,endemic,
Group 28,enmity,
Group 28,gauche,
Group 28,hysterical,
Group 28,impudent,
Group 28,inchoate,
Group 28,penchant,
Group 28,quandary,
Group 28,quarantine,
Group 28,quash,
Group 28,quibble,
Group 28,ravage,
Group 28,recant,
Group 28,redoubtable,
Group 28,retiring,
Group 28,shrill,
Group 28,sophistry,
Group 28,substantiate,
Group 28,wily,
Group 29,abscond,
Group 29,apogee,
Group 29,aspersion,
Group 29,bawdy,
Group 29,chagrin,
Group 29,collude,
Group 29,commiserate,
Group 29,conflagration,
Group 29,contretemps,
Group 29,conviction,
Group 29,croon,
Group 29,depose,
Group 29,detente,
Group 29,dowdy,
Group 29,echelon,
Group 29,ennui,
Group 29,expatiate,
Group 29,fraught,
Group 29,fulcrum,
Group 29,imbroglio,
Group 29,jocund,
Group 29,languish,
Group 29,nadir,
Group 29,nimble,
Group 29,ominous,
Group 29,outlandish,
Group 29,propitious,
Group 29,prurient,
Group 29,sadistic,
Group 29,zenith,
Group 30,aberrant,
Group 30,abide,
Group 30,bravado,
Group 30,callow,
Group 30,capitulate,
Group 30,cogitate,
Group 30,deportment,
Group 30,extemporize,
Group 30,factious,
Group 30,fallow,
Group 30,feint,
Group 30,flagrant,
Group 30,gratuitous,
Group 30,grovel,
Group 30,indecorous,
Group 30,intrigue,
Group 30,nominal,
Group 30,obdurate,
Group 30,obstreperous,
Group 30,odious,
Group 30,plucky,
Group 30,precocious,
Group 30,remuneration,
Group 30,slovenly,
Group 30,soliloquy,
Group 30,spurn,
Group 30,stolid,
Group 30,temerity,
Group 30,tenuous,
Group 30,verve,
Group 31,abrogate,
Group 31,aghast,
Group 31,apprise,
Group 31,beguile,
Group 31,boon,
Group 31,callous,
Group 31,coddle,
Group 31,crescendo,
Group 31,extenuating,
Group 31,frenetic,
Group 31,fringe,
Group 31,hapless,
Group 31,immaculate,
Group 31,obfuscate,
Group 31,ossify,
Group 31,pastiche,
Group 31,perspicacious,
Group 31,ponderous,
Group 31,recluse,
Group 31,retaliate,
Group 31,rhapsody,
Group 31,serendipitous,
Group 31,shirk,
Group 31,sinecure,
Group 31,sinuous,
Group 31,sordid,
Group 31,stanch,
Group 31,surfeit,
Group 31,ulterior,
Group 31,voluble,
Group 32,abstruse,
Group 32,auxiliary,
Group 32,caricature,
Group 32,depravity,
Group 32,dilettante,
Group 32,effrontery,
Group 32,encroach,
Group 32,endow,
Group 32,entreat,
Group 32,gregarious,
Group 32,indictment,
Group 32,indignant,
Group 32,ineluctable,
Group 32,inquisitive,
Group 32,latitude,
Group 32,levity,
Group 32,malevolent,
Group 32,mediate,
Group 32,occlude,
Group 32,pacify,
Group 32,paragon,
Group 32,patronize,
Group 32,penurious,
Group 32,piquant,
Group 32,rampant,
Group 32,remote,
Group 32,reprobate,
Group 32,turbid,
Group 32,turgid,
Group 32,vacuous,
